OrderDate,Revenue
2019-12-07,312651.24
2019-12-08,174150.73
2019-12-09,116453.1
2019-12-10,236441.68999999997
2019-12-11,121931.88
2019-12-12,312936.66000000003
2019-12-13,46666.94
2019-12-14,109688.16
2019-12-15,124796.31999999999
2019-12-16,171880.43
2019-12-17,27523.17
2019-12-18,308854.45
2019-12-19,195870.30000000002
2019-12-21,130536.43000000001
2019-12-22,221867.8
2019-12-23,172925.49
2019-12-24,180525.59
2019-12-25,106861.65
2019-12-26,3111.18
2019-12-27,338802.26
2019-12-28,170346.12
2020-01-06,121759.05
2020-01-07,170832.08000000002
2020-01-08,95937.76
2020-01-09,335550.9
2020-01-10,59050.72
2020-01-11,119675.9
2020-01-12,117971.59999999999
2020-01-13,50087.16
2020-01-14,248190.11000000002
2020-01-15,52667.270000000004
2020-01-16,167483.3
2020-01-17,407802.2
2020-01-18,76104.85
2020-01-19,182675.02
2020-01-20,113300.33
2020-01-21,229860.77
2020-01-22,53369.32
2020-01-23,276470.0
2020-01-24,100546.45
2020-01-25,317984.9
2020-01-26,129440.29999999999
2020-01-27,53256.93000000001
2020-04-07,46849.6
2020-04-08,28413.74
2020-04-09,42583.07
2020-04-12,31560.34
2020-04-13,24698.59
2020-04-16,9684.22
2020-04-17,37465.48
2020-04-19,2200.32
2020-04-20,47495.16
2020-04-23,49858.92
2020-04-26,121140.66
2020-04-27,70328.06
2020-05-02,53324.49
2020-05-05,109424.53
2020-05-06,13768.89
2020-05-07,43032.509999999995
2020-05-12,16395.21
2020-05-13,105302.24
2020-05-16,70176.98000000001
2020-05-17,19277.72
2020-05-19,23492.74
2020-05-20,1583.59
2020-05-21,33039.84
2020-05-22,26817.659999999996
2020-05-24,247079.51
2020-05-25,3868.23
2020-05-26,100371.95
2020-05-27,44073.76
2020-05-28,50546.189999999995
2020-05-29,5076.32
2020-05-30,3702.06
2020-05-31,60029.62
2020-06-01,14343.599999999999
2020-06-05,115313.66
2020-06-07,1045.04
2020-06-08,26946.23
2020-06-09,3111.18
2020-06-10,101216.69
2020-06-11,41218.41
2020-06-12,20422.8
2020-06-14,47187.60999999999
2020-06-17,3242.08
2020-06-18,108076.5
2020-06-19,151495.98
2020-06-20,62359.13
2020-06-21,93052.16
2020-06-23,11419.19
2020-06-24,34147.27
2020-06-25,66438.47
2020-06-26,13220.03
2020-06-27,78117.49
2020-06-28,127157.61
2020-06-30,36806.34
2020-07-03,45793.96
2020-07-04,42555.73
2020-07-05,77603.75
2020-07-07,32345.309999999998
2020-07-08,38496.84
2020-07-11,34437.880000000005
2020-07-13,18522.72
2020-07-15,62484.25
2020-07-19,41859.46
2020-07-22,63688.03
2020-07-24,26236.12
2020-07-25,1947.66
2020-07-27,10916.75
2020-07-28,10400.72
2020-07-29,74918.59
2020-07-31,119936.23
2020-08-02,58637.240000000005
2020-08-06,5343.56
2020-08-07,56071.42
2020-08-08,32166.27
2020-08-09,42583.07
2020-08-12,82938.27
2020-08-13,24698.59
2020-08-16,7916.86
2020-08-18,3813.69
2020-08-19,4919.7
2020-08-21,60643.82
2020-08-23,49858.92
2020-08-25,1767.36
2020-08-26,43404.73
2020-08-27,189976.54
2020-08-28,2200.32
2020-08-29,173618.52000000002
2020-08-30,3517.65
2020-08-31,46356.87
2020-09-02,53694.99
2020-09-03,24716.46
2020-09-04,105961.2
2020-09-05,58008.28
2020-09-06,79716.27
2020-09-07,31184.66
2020-09-08,2544.2
2020-09-10,167271.17
2020-09-13,99564.74
2020-09-14,106981.06
2020-09-16,2832.54
2020-09-17,1583.59
2020-09-18,3806.16
2020-09-19,17875.44
2020-09-20,53324.49
2020-09-21,94230.64
2020-09-23,27936.850000000002
2020-09-25,22584.66
2020-09-27,29233.68
2020-09-29,136081.81
2020-09-30,63979.56
2020-10-01,31275.239999999998
2020-10-02,227892.77
2020-10-03,290073.52
2020-10-04,330135.54
2020-10-05,179145.01
2020-10-06,238608.56
2020-10-07,369329.39
2020-10-08,319779.18
2020-10-09,127506.56
2020-10-10,430328.34
2020-10-11,393929.17
2020-10-12,191256.53
2020-10-13,333241.33
2020-10-14,146941.39
2020-10-15,165703.97
2020-10-16,56847.850000000006
2020-10-17,147411.63
2020-10-18,318917.5
2020-10-19,170413.1
2020-10-20,187808.55
2020-10-21,124634.07
2020-10-22,176889.31
2020-10-23,56874.36
2020-10-24,64933.21000000001
2020-10-26,70971.67
2020-10-27,66302.82
2020-10-28,38572.52
2020-11-01,81263.18
2020-11-02,208472.64
2020-11-03,219213.0
2020-11-04,176779.46
2020-11-05,277697.33
2020-11-06,162217.91999999998
2020-11-07,137427.02
2020-11-08,126119.88
2020-11-09,145983.47
2020-11-10,161577.8
2020-11-11,205752.88
2020-11-12,392455.22000000003
2020-11-13,40422.42
2020-11-14,215310.58000000002
2020-11-15,302397.83999999997
2020-11-16,152530.72999999998
2020-11-17,115708.33
2020-11-18,266236.89
2020-11-19,337602.82
2020-11-20,201825.9
2020-11-21,217278.89
2020-11-22,370483.4
2020-11-23,30245.02
2020-11-29,46800.69
2020-12-01,62359.13
2020-12-04,2968.57
2020-12-06,66438.47
2020-12-07,191689.62
2020-12-08,83451.28
2020-12-09,173658.58
2020-12-11,111007.16
2020-12-12,113704.77
2020-12-13,24698.59
2020-12-14,94987.61
2020-12-16,8385.52
2020-12-18,102629.9
2020-12-19,136877.51
2020-12-21,36998.68
2020-12-22,77465.81
2020-12-23,58309.54
2020-12-27,128402.36
2020-12-31,90377.18
2021-01-02,41108.049999999996
2021-01-03,23240.379999999997
2021-01-04,37465.48
2021-01-05,36245.76
2021-01-06,6570.18
2021-01-07,62500.950000000004
2021-01-08,105302.24
2021-01-10,4364.66
2021-01-11,16772.5
2021-01-13,41150.79
2021-01-14,13561.2
2021-01-15,43443.049999999996
2021-01-16,73755.49
2021-01-17,42531.96
2021-01-19,124983.69
2021-01-20,53266.47
2021-01-21,5569.65
2021-01-22,76344.3
2021-01-23,17476.79
2021-01-24,77603.75
2021-01-27,76572.15
2021-01-28,82003.96
2021-01-29,27211.84
2021-01-30,107031.29
2021-01-31,30112.34
2021-02-01,18522.72
2021-02-02,214913.34
2021-02-03,124301.22
2021-02-04,92912.44
2021-02-05,133108.6
2021-02-06,33821.090000000004
2021-02-07,72912.06999999999
2021-02-08,53324.49
2021-02-09,7581.16
2021-02-10,5026.59
2021-02-11,39536.21
2021-02-12,27882.21
2021-02-13,81219.05
2021-02-14,174157.62
2021-02-16,78657.34
2021-02-17,41565.88
2021-02-18,124922.7
2021-02-19,3407.57
2021-02-20,150447.53
2021-02-21,45272.57
2021-02-22,61298.21000000001
2021-02-23,77696.20999999999
2021-02-24,48525.46
2021-02-25,37109.75
2021-02-26,33030.03
2021-02-27,188042.76
2021-02-28,100120.76999999999
2021-03-01,15768.95
2021-03-02,7710.99
2021-03-03,8626.64
2021-03-04,33941.41
2021-03-05,47994.12
2021-03-06,53288.92
2021-03-07,162113.75
2021-03-08,107839.93
2021-03-09,95915.37
2021-03-10,26236.12
2021-03-13,71914.66
2021-03-14,70971.67
2021-03-15,56307.39
2021-03-16,29554.14
2021-03-17,119936.23
2021-03-19,66819.54000000001
2021-03-22,128838.56
2021-03-24,107781.89
2021-03-25,87158.06
2021-03-27,37896.81
2021-03-28,93409.03
2021-03-29,89950.45
2021-03-30,62221.46
2021-03-31,58182.93
2021-04-01,70315.11
2021-04-02,9671.67
2021-04-03,152299.76
2021-04-04,13918.51
2021-04-05,5315.48
2021-04-06,155863.66999999998
2021-04-08,100227.31
2021-04-09,63528.46000000001
2021-04-10,53014.399999999994
2021-04-11,115236.02
2021-04-12,40777.12
2021-04-13,160737.01
2021-04-14,81115.07
2021-04-15,66844.45999999999
2021-04-16,60748.189999999995
2021-04-17,198621.37
2021-04-19,79716.27
2021-04-20,126477.68
2021-04-21,45004.41
2021-04-22,152936.86
2021-04-24,76990.13
2021-04-25,624.72
2021-04-26,46807.94
2021-04-27,105528.34
2021-04-28,117302.97
2021-04-29,95180.43000000001
2021-04-30,149476.94
2021-05-02,79431.06
2021-05-04,119957.72
2021-05-05,9648.84
2021-05-07,35728.74
2021-05-08,108413.42000000001
2021-05-09,137147.28
2021-05-10,9234.44
2021-05-11,63573.19
2021-05-12,51325.59
2021-05-13,64126.49
2021-05-14,72592.1
2021-05-15,86117.34999999999
2021-05-16,52194.51000000001
2021-05-17,177121.69
2021-05-18,157933.37
2021-05-19,88288.18
2021-05-20,14165.42
2021-05-21,179865.93
2021-05-22,112961.56
2021-05-23,106132.18
2021-05-24,191018.91
2021-05-25,66650.84
2021-05-26,190387.38
2021-05-27,10478.32
2021-05-28,131001.78
2021-05-29,125673.6
2021-05-30,24246.69
2021-05-31,137487.82
2021-06-01,144609.21
2021-06-02,119903.63
2021-06-03,72265.36
2021-06-04,47687.52
2021-06-05,116770.41
2021-06-06,105637.92
2021-06-07,240356.45
2021-06-08,101165.81
2021-06-09,51348.64
2021-06-11,29233.68
2021-06-12,41218.41
2021-06-13,194765.72
2021-06-14,188545.21000000002
2021-06-15,88330.10999999999
2021-06-16,87092.48
2021-06-17,61495.47
2021-06-18,196504.47
2021-06-19,60692.29
2021-06-20,197329.59
2021-06-21,98663.98999999999
2021-06-22,347289.6
2021-06-23,79989.87
2021-06-24,190512.58000000002
2021-06-25,48901.88
2021-06-26,81527.33
2021-06-27,3407.57
2021-06-28,15530.59
2021-06-29,92172.32
2021-06-30,38950.27
2021-07-01,69830.1
2021-07-02,8098.62
2021-07-04,5428.26
2021-07-06,18911.010000000002
2021-07-09,5814.88
2021-07-10,171263.46000000002
2021-07-11,29443.59
2021-07-12,44952.93
2021-07-13,66981.97
2021-07-14,41859.46
2021-07-15,77353.99
2021-07-16,9030.75
2021-07-17,51677.47
2021-07-18,91814.86
2021-07-19,8750.92
2021-07-20,83849.13
2021-07-23,13662.74
2021-07-24,2980.54
2021-07-25,80627.99
2021-07-27,13573.69
2021-07-28,18472.32
2021-07-30,218519.72
2021-08-05,55543.68000000001
2021-08-06,31077.18
2021-08-07,32702.44
2021-08-08,199777.81
2021-08-09,93394.74
2021-08-10,48833.6
2021-08-11,86766.32999999999
2021-08-12,38323.01
2021-08-13,163634.05
2021-08-14,58389.63
2021-08-15,29169.7
2021-08-16,124179.37
2021-08-17,89429.79000000001
2021-08-19,49226.04
2021-08-20,67545.4
2021-08-22,130280.37
2021-08-23,152654.37
2021-08-24,89395.42
2021-08-25,110766.95999999999
2021-08-26,101073.20999999999
2021-08-27,1401.6
2021-08-28,206959.27000000002
2021-08-29,149637.98
2021-08-30,82610.01
2021-08-31,92333.48999999999
2021-09-01,29494.77
2021-09-02,118138.05
2021-09-03,84896.65
2021-09-04,43622.76
2021-09-05,152740.7
2021-09-06,84706.79
2021-09-07,45389.04
2021-09-08,145547.99
2021-09-09,39642.159999999996
2021-09-10,42936.19
2021-09-11,35154.950000000004
2021-09-12,110793.69
2021-09-13,38886.5
2021-09-14,120974.47
2021-09-15,161788.45
2021-09-16,234078.37
2021-09-17,105567.10999999999
2021-09-18,49694.920000000006
2021-09-19,7705.92
2021-09-20,3152.87
2021-09-21,83771.32
2021-09-22,177661.6
2021-09-23,124591.88
2021-09-24,2200.32
2021-09-25,47495.16
2021-09-26,105689.79000000001
2021-09-27,61816.97
2021-09-28,92912.44
2021-09-29,72265.36
2021-09-30,10710.14
2021-10-01,60837.130000000005
2021-10-03,8942.22
2021-10-04,50454.83
2021-10-05,79872.72
2021-10-06,20832.22
2021-10-07,73583.97
2021-10-08,27755.93
2021-10-09,65832.74
2021-10-10,136552.52
2021-10-11,43871.32
2021-10-12,2806.71
2021-10-13,111651.44
2021-10-14,93585.01
2021-10-15,20660.2
2021-10-16,47883.83
2021-10-17,83112.13
2021-10-18,47630.15
2021-10-19,71873.15
2021-10-20,132307.32
2021-10-21,116497.43
2021-10-22,169813.85
2021-10-23,66766.95999999999
2021-10-24,172817.82
2021-10-25,74397.59
2021-10-26,57409.649999999994
2021-10-27,167566.25
2021-10-28,25260.35
2021-10-29,116593.95000000001
2021-10-30,131755.27000000002
2021-10-31,80176.83
2021-11-01,250501.40999999997
2021-11-03,92912.32
2021-11-04,81678.14
2021-11-05,76016.13
2021-11-06,45793.96
2021-11-07,16288.36
2021-11-08,9221.82
2021-11-09,3752.53
2021-11-10,104236.56
2021-11-11,12110.710000000001
2021-11-12,54068.84
2021-11-13,221914.95
2021-11-14,60643.82
2021-11-15,3115.8
2021-11-16,64053.149999999994
2021-11-19,5939.25
2021-11-20,65960.31
2021-11-21,10842.98
2021-11-22,201189.36000000002
2021-11-24,64805.990000000005
2021-11-25,90220.98999999999
2021-11-26,93981.45999999999
2021-11-27,80627.99
2021-11-28,112026.41
2021-11-29,22745.85
2021-11-30,151593.07
2021-12-01,50907.45
2021-12-02,106074.45
2021-12-03,8511.55
2021-12-04,12333.72
2021-12-06,33941.41
2021-12-08,218005.8
2021-12-09,97114.02
2021-12-10,49481.51
2021-12-12,111007.16
2021-12-13,113704.77
2021-12-14,111325.28
2021-12-15,110450.1
2021-12-16,70971.67
2021-12-17,31886.53
2021-12-19,110677.29000000001
2021-12-20,128580.49
2021-12-21,80196.84
2021-12-22,165298.29
2021-12-23,110495.84
2021-12-24,174197.49
2021-12-25,114286.19
2021-12-26,140337.16999999998
2021-12-28,218596.16
2021-12-29,162485.66999999998
2021-12-30,54329.61
2021-12-31,67650.56
2022-01-01,48191.81
2022-01-02,109733.96
2022-01-03,116984.90000000001
2022-01-04,67545.4
2022-01-05,56152.91
2022-01-06,108174.35
2022-01-07,136366.91999999998
2022-01-08,14164.02
2022-01-09,59826.45
2022-01-10,43443.049999999996
2022-01-11,3806.16
2022-01-12,58927.17
2022-01-13,41240.950000000004
2022-01-14,114842.94
2022-01-15,43558.13
2022-01-16,123112.15000000001
2022-01-17,61848.43
2022-01-18,36273.61
2022-01-20,2265.48
2022-01-21,126522.01000000001
2022-01-22,183611.51
2022-01-23,92912.44
2022-01-24,267244.74
2022-01-25,29509.18
2022-01-26,81121.55
2022-01-27,45414.79
2022-01-28,38572.52
2022-01-29,13918.51
2022-01-30,1767.36
2022-01-31,37465.48
2022-02-01,84533.76
2022-02-02,49638.78
2022-02-03,98729.42000000001
2022-02-04,92606.31999999999
2022-02-07,5407.719999999999
2022-02-08,74812.37
2022-02-09,123890.89
2022-02-10,58008.28
2022-02-11,58953.87
2022-02-12,39811.3
2022-02-13,2544.2
2022-02-14,70460.51999999999
2022-02-15,106973.34
2022-02-16,36400.1
2022-02-17,54829.71
2022-02-18,82792.24
2022-02-19,50759.99
2022-02-21,20660.2
2022-02-22,3905.22
2022-02-23,29233.68
2022-02-24,19242.72
2022-02-25,149206.59
2022-02-26,100498.28
2022-02-27,121770.38
2022-02-28,162025.94999999998
2022-03-01,1628.56
2022-03-02,188093.72
2022-03-03,54550.27
2022-03-04,210872.25
2022-03-05,85502.95999999999
2022-03-06,171814.82
2022-03-07,212474.02000000002
2022-03-08,121398.47
2022-03-09,3407.57
2022-03-10,38061.38
2022-03-11,5315.48
2022-03-12,90868.44
2022-03-13,89262.19
2022-03-14,51325.59
2022-03-15,18522.72
2022-03-16,9318.68
2022-03-17,190422.80000000002
2022-03-18,77922.01999999999
2022-03-19,7859.92
2022-03-20,140728.27
2022-03-21,74918.59
2022-03-22,26446.54
2022-03-23,41792.76
2022-03-24,101382.41
2022-03-25,131503.15000000002
2022-03-26,51953.86
2022-03-27,110735.34999999999
2022-03-29,97717.28
2022-03-30,93585.01
2022-03-31,116967.25
2022-04-01,169586.78
2022-04-02,33030.03
2022-04-03,151605.5
2022-04-04,180831.06
2022-04-05,3111.18
2022-04-06,323416.99
2022-04-09,93037.63
2022-04-10,28413.74
2022-04-11,110946.0
2022-04-12,13220.03
2022-04-13,9452.14
2022-04-14,203990.52
2022-04-15,24698.59
2022-04-16,46982.340000000004
2022-04-17,11548.08
2022-04-18,58824.31
2022-04-19,45793.96
2022-04-20,70946.78
2022-04-21,5076.32
2022-04-22,7257.4
2022-04-23,58188.100000000006
2022-04-24,135243.54
2022-04-25,101388.26999999999
2022-04-27,54770.78999999999
2022-04-28,43327.46
2022-04-29,111105.18000000001
2022-04-30,79577.72
2022-05-01,36510.64
2022-05-03,233252.90000000002
2022-05-04,43560.76
2022-05-06,16772.5
2022-05-07,32702.44
2022-05-08,20832.22
2022-05-09,149480.65
2022-05-10,1583.59
2022-05-11,116136.77
2022-05-12,17875.44
2022-05-13,35770.03
2022-05-14,208534.88
2022-05-15,51206.97
2022-05-16,40441.66
2022-05-17,48184.53
2022-05-19,125965.36
2022-05-20,129362.37
2022-05-21,92912.44
2022-05-22,72265.36
2022-05-23,10710.14
2022-05-24,19686.34
2022-05-28,87977.25
2022-05-31,46374.63
2022-06-01,48708.89
2022-06-02,78657.34
2022-06-03,47883.83
2022-06-04,9168.36
2022-06-06,2634.67
2022-06-07,64170.32000000001
2022-06-08,31077.18
2022-06-09,68657.25
2022-06-10,91985.52
2022-06-11,171333.22999999998
2022-06-13,43418.73
2022-06-14,206743.44
2022-06-15,80205.63
2022-06-16,62379.21
2022-06-17,59538.11
2022-06-18,149490.37
2022-06-20,190353.73
2022-06-21,84651.52
2022-06-23,68607.56
2022-06-24,335093.07
2022-06-25,440576.59
2022-06-26,396616.04
2022-06-27,376172.19
2022-06-28,132659.22
2022-06-29,271034.83
2022-06-30,332593.31
2022-07-01,239498.58000000002
2022-07-02,254979.29
2022-07-03,374491.95
2022-07-04,147145.84
2022-07-05,847019.8200000001
2022-07-06,255146.7
2022-07-07,353488.88
2022-07-08,264154.35
2022-07-09,405278.07
2022-07-10,197044.8
2022-07-11,325661.39
2022-07-12,434225.9
2022-07-13,398406.31
2022-07-14,166211.33
2022-07-15,248136.82
2022-07-17,2550.17
2022-07-18,32743.28
2022-07-20,135775.83
2022-07-21,38678.03
2022-07-24,148884.67
2022-07-25,368541.97
2022-07-26,255489.46
2022-07-27,161146.4
2022-07-28,248809.39
2022-07-29,56738.270000000004
2022-07-30,89617.27
2022-07-31,191552.0
2022-08-01,283356.98
2022-08-02,179266.43
2022-08-03,197895.46
2022-08-04,670056.0700000001
2022-08-05,138197.03
2022-08-06,56058.89
2022-08-07,402328.95999999996
2022-08-08,198485.77000000002
2022-08-09,494594.32
2022-08-10,291868.24
2022-08-11,301148.14
2022-08-12,126385.58
2022-08-13,182001.06
2022-08-14,187396.55000000002
2022-08-15,62959.7
2022-08-16,26665.59
2022-08-18,15302.86
2022-08-19,133904.18
2022-08-22,64486.94
2022-08-23,141467.52
2022-08-24,395252.26
2022-08-25,432690.99
2022-08-26,332614.88
2022-08-27,170446.38
2022-08-28,300203.27
2022-08-29,357304.41000000003
2022-08-30,209695.15000000002
2022-08-31,257221.61
2022-09-01,287273.68
2022-09-02,412720.48
2022-09-03,668339.89
2022-09-04,239839.24999999997
2022-09-05,247979.47999999998
2022-09-06,351843.9
2022-09-07,305766.01
2022-09-08,324080.73
2022-09-09,302205.29000000004
2022-09-10,265156.09
2022-09-11,178091.30000000002
2022-09-12,360264.58
2022-09-13,135426.11000000002
2022-09-14,161952.27000000002
2022-09-15,115695.42
2022-09-16,316191.15
2022-09-17,150893.62
2022-09-18,163844.25
2022-09-19,133994.22
2022-09-20,78253.14
2022-09-21,138811.9
2022-09-22,113942.20000000001
2022-09-23,217278.69
2022-09-24,355774.22
2022-09-25,296556.54
2022-09-26,287660.13
2022-09-27,364618.94
2022-09-28,606087.02
2022-09-29,360956.44
2022-09-30,257206.34
2022-10-01,195771.88999999998
2022-10-02,96443.62
2022-10-03,284825.62
2022-10-04,386870.7
2022-10-05,343717.38
2022-10-06,404714.43
2022-10-07,266389.17
2022-10-08,198670.35
2022-10-09,243201.02
2022-10-10,337627.35000000003
2022-10-11,312148.39
2022-10-12,371044.24
2022-10-13,471801.73
2022-10-14,30998.22
2022-10-15,135526.96
2022-10-16,138750.98
2022-10-17,45458.81
2022-10-18,108944.33
2022-10-19,169684.51
2022-10-20,196115.75
2022-10-21,107812.17
2022-10-22,335489.75
2022-10-23,190020.98
2022-10-24,328517.16000000003
2022-10-25,235361.93
2022-10-26,235081.45
2022-10-27,257447.83000000002
2022-10-28,234826.57
2022-10-29,209868.53999999998
2022-10-30,312304.39
2022-10-31,408461.27
2022-11-01,377733.28
2022-11-02,638646.13
2022-11-03,333565.93
2022-11-04,165634.55
2022-11-05,128050.63
2022-11-06,533924.41
2022-11-07,581779.48
2022-11-08,342516.39
2022-11-09,260030.91
2022-11-10,271768.24
2022-11-11,386027.02
2022-11-12,414574.03
2022-11-13,237624.71000000002
2022-11-14,396560.69
2022-11-15,89484.34000000001
2022-11-16,204251.49
2022-11-17,308293.44
2022-11-18,432243.47
2022-11-19,243577.27
2022-11-20,267250.72
2022-11-21,465171.48
2022-11-22,640212.92
2022-11-23,599230.74
2022-11-24,274529.14
2022-11-25,616152.15
2022-11-26,473351.65
2022-11-27,256292.95
2022-11-28,221365.41999999998
2022-11-29,491428.27999999997
2022-11-30,735940.15
2022-12-01,425412.98
2022-12-02,806259.63
2022-12-03,105388.37
2022-12-04,386353.41000000003
2022-12-05,517799.23
2022-12-06,464725.52999999997
2022-12-07,700456.86
2022-12-08,617749.77
2022-12-09,615446.26
2022-12-10,441484.2
2022-12-11,463596.73
2022-12-12,485100.14
2022-12-13,282989.97000000003
2022-12-14,165302.2
2022-12-15,215305.38999999998
2022-12-16,356274.6
2022-12-17,46365.65
2022-12-18,159985.67
2022-12-19,73496.15
2022-12-20,183504.58000000002
2022-12-21,478935.82
2022-12-22,390651.15
2022-12-23,177558.92
2022-12-24,526917.25
2022-12-25,272244.39
2022-12-26,314964.78
2022-12-27,512237.07
2022-12-28,224397.84
2022-12-29,489225.33
2022-12-30,306209.64
2022-12-31,156106.66
2023-01-01,661478.29
2023-01-02,565901.87
2023-01-03,361006.11
2023-01-04,730575.26
2023-01-05,558204.65
2023-01-06,424865.63
2023-01-07,380101.66
2023-01-08,473565.85
2023-01-09,623527.67
2023-01-10,562006.59
2023-01-11,449764.11
2023-01-12,173781.17
2023-01-13,196077.58
2023-01-14,242977.15999999997
2023-01-15,217320.13
2023-01-16,247930.07
2023-01-17,93507.31
2023-01-18,167641.75
2023-01-19,428791.13
2023-01-20,387877.22000000003
2023-01-21,469546.21
2023-01-22,399479.66
2023-01-23,577952.92
2023-01-24,295862.0
2023-01-25,502353.8
2023-01-26,468177.29
2023-01-27,478240.69
2023-01-28,625259.27
2023-01-29,593725.0700000001
2023-01-30,464580.08
2023-01-31,581949.52
2023-02-01,389728.42
2023-02-02,589172.6699999999
2023-02-03,617867.64
2023-02-04,680195.35
2023-02-05,611808.27
2023-02-06,475197.96
2023-02-07,494682.14
2023-02-08,697531.25
2023-02-09,649326.21
2023-02-10,402858.51
2023-02-11,316844.23
2023-02-12,311082.06
2023-02-13,397825.26
2023-02-14,187488.72999999998
2023-02-15,323681.12
2023-02-16,433735.82
2023-02-17,276163.95
2023-02-18,242314.27
2023-02-19,572291.36
2023-02-20,379254.69
2023-02-21,623911.98
2023-02-22,415338.27
2023-02-23,615904.07
2023-02-24,764244.62
2023-02-25,665388.27
2023-02-26,473494.11
2023-02-27,817048.93
2023-02-28,363343.64
2023-03-01,761336.44
2023-03-02,663080.78
2023-03-03,704338.91
2023-03-04,544924.73
2023-03-05,475237.02
2023-03-06,436643.88
2023-03-07,587086.53
2023-03-08,496825.78
2023-03-09,578066.7
2023-03-10,780187.95
2023-03-11,567692.84
2023-03-12,785137.44
2023-03-13,185346.79
2023-03-14,545402.34
2023-03-15,386017.41000000003
2023-03-16,436948.65
2023-03-17,236602.57
2023-03-18,306411.37
2023-03-19,366178.89
2023-03-20,308534.66
2023-03-21,537281.08
2023-03-22,372041.66000000003
2023-03-23,488863.49
2023-03-24,636945.9299999999
2023-03-25,464076.66000000003
2023-03-26,441852.5
2023-03-27,589775.11
2023-03-28,417544.14
2023-03-29,679406.3
2023-03-30,800165.6699999999
2023-03-31,525273.66
2023-04-01,984756.8
2023-04-02,550881.82
2023-04-03,534940.52
2023-04-04,612358.91
2023-04-05,555107.71
2023-04-06,533803.09
2023-04-07,410570.65
2023-04-08,397367.25
2023-04-09,373618.41
2023-04-10,810473.77
2023-04-11,669400.86
2023-04-12,416787.69
2023-04-13,588828.98
2023-04-14,152744.94
2023-04-15,444462.17
2023-04-16,387114.4
2023-04-17,704802.87
2023-04-18,323770.20999999996
2023-04-19,346514.19
2023-04-20,873713.48
2023-04-21,602968.82
2023-04-22,599525.34
2023-04-23,371005.91
2023-04-24,717889.99
2023-04-25,588163.25
2023-04-26,805250.86
2023-04-27,674413.36
2023-04-28,602521.62
2023-04-29,794562.83
2023-04-30,653988.12
2023-05-01,1372627.52
2023-05-02,633947.0
2023-05-03,811163.61
2023-05-04,742459.08
2023-05-05,675445.05
2023-05-06,609030.97
2023-05-07,804677.55
2023-05-08,693335.17
2023-05-09,853401.99
2023-05-10,799351.0599999999
2023-05-11,732283.52
2023-05-12,335718.67
2023-05-13,394209.33999999997
2023-05-14,403632.72
2023-05-15,326112.70999999996
2023-05-16,367306.55
2023-05-17,395369.93
2023-05-18,630592.1
2023-05-19,583277.96
2023-05-20,580724.04
2023-05-21,657640.1
2023-05-22,440729.5
2023-05-23,318896.93
2023-05-24,895902.84
2023-05-25,365027.1
2023-05-26,702859.56
2023-05-27,864364.65
2023-05-28,660355.09
2023-05-29,976048.9400000001
2023-05-30,452708.69
2023-05-31,1129688.6
2023-06-01,965715.43
2023-06-02,674559.78
2023-06-03,902943.99
2023-06-04,609924.53
2023-06-05,470621.02
2023-06-06,511651.18
2023-06-07,801949.98
2023-06-08,681567.11
2023-06-09,579162.63
2023-06-10,855402.16
2023-06-11,522345.58999999997
2023-06-12,385952.82
2023-06-13,511844.39
2023-06-14,857699.86
2023-06-15,298709.5
2023-06-16,641900.64
2023-06-17,420357.02
2023-06-18,488038.32
2023-06-19,781187.84
2023-06-20,723792.05
2023-06-21,456671.33
2023-06-22,989882.8
2023-06-23,462349.47000000003
2023-06-24,829079.55
2023-06-25,798837.12
2023-06-26,977684.71
2023-06-27,512162.24
2023-06-28,397462.76
2023-06-29,210388.65
2023-06-30,1196111.3599999999
2023-07-01,836069.21
2023-07-02,670639.4
2023-07-03,409186.62
2023-07-04,773311.46
2023-07-05,731688.38
2023-07-06,774249.25
2023-07-07,1112052.9
2023-07-08,955615.29
2023-07-09,937377.78
2023-07-10,775517.9
2023-07-11,547534.62
2023-07-12,549575.14
2023-07-13,389617.12
2023-07-14,797344.75
2023-07-15,702814.9
2023-07-16,391102.91000000003
2023-07-17,738765.97
2023-07-18,519929.27
2023-07-19,825769.76
2023-07-20,1313476.8800000001
2023-07-21,978316.11
2023-07-22,1014169.35
2023-07-23,1187724.43
2023-07-24,1232199.96
2023-07-25,1178835.96
2023-07-26,1234404.06
2023-07-27,1462368.54
2023-07-28,1197494.76
2023-07-29,1138860.71
2023-07-30,1730687.42
2023-07-31,1478066.22
2023-08-01,981541.32
2023-08-02,1087830.03
2023-08-03,1242672.0
2023-08-04,1149077.19
2023-08-05,1834851.66
2023-08-06,1344666.52
2023-08-07,1132327.24
2023-08-08,1353628.83
2023-08-09,1455893.11
2023-08-10,765708.96
2023-08-11,640787.5
2023-08-12,666009.52
2023-08-13,693950.02
2023-08-14,413119.98
2023-08-15,1091317.02
2023-08-16,714379.57
2023-08-17,435302.04
2023-08-18,934836.45
2023-08-19,1025555.47
2023-08-20,780411.25
2023-08-21,598975.1900000001
2023-08-22,779602.47
2023-08-23,679026.87
2023-08-24,720608.85
2023-08-25,771935.9
2023-08-26,834495.03
2023-08-27,556866.6799999999
2023-08-28,1112446.71
2023-08-29,1318782.55
2023-08-30,1070817.17
2023-08-31,682326.76
2023-09-01,894886.43
2023-09-02,1181460.68
2023-09-03,1071538.67
2023-09-04,709552.79
2023-09-05,1348114.71
2023-09-06,1039126.18
2023-09-07,1041691.1799999999
2023-09-08,528979.31
2023-09-09,651834.55
2023-09-10,836733.35
2023-09-11,563641.08
2023-09-12,774810.7000000001
2023-09-13,764048.88
2023-09-14,638163.96
2023-09-15,456150.7
2023-09-16,983296.58
2023-09-17,974791.4199999999
2023-09-18,1574636.56
2023-09-19,979254.61
2023-09-20,1380400.06
2023-09-21,1050491.56
2023-09-22,1097188.33
2023-09-23,1108329.81
2023-09-24,1097789.28
2023-09-25,1459493.36
2023-09-26,1446461.86
2023-09-27,664296.16
2023-09-28,1514956.62
2023-09-29,1425944.15
2023-09-30,1770205.17
2023-10-01,1152449.6
2023-10-02,1094703.04
2023-10-03,1029765.39
2023-10-04,947522.0599999999
2023-10-05,1030692.26
2023-10-06,1381727.72
2023-10-07,1048508.1900000001
2023-10-08,1764975.02
2023-10-09,613089.67
2023-10-10,1017134.94
2023-10-11,1028821.83
2023-10-12,1004547.6
2023-10-13,1113206.32
2023-10-14,883755.28
2023-10-15,660601.05
2023-10-16,1431583.47
2023-10-17,665070.27
2023-10-18,1286767.76
2023-10-19,1547085.03
2023-10-20,1472995.75
2023-10-21,931615.02
2023-10-22,1335487.88
2023-10-23,987544.5700000001
2023-10-24,1248019.16
2023-10-25,962630.08
2023-10-26,1290732.98
2023-10-27,1048283.53
2023-10-28,1582582.47
2023-10-29,1194735.43
2023-10-30,1185763.83
2023-10-31,1102147.5
2023-11-01,1285552.49
2023-11-02,1100997.28
2023-11-03,1090382.53
2023-11-04,1444472.86
2023-11-05,1275840.05
2023-11-06,1121248.54
2023-11-07,1147338.2
2023-11-08,1058514.6199999999
2023-11-09,1174091.0
2023-11-10,1144782.14
2023-11-11,597292.88
2023-11-12,828960.01
2023-11-13,1093065.18
2023-11-14,659277.21
2023-11-15,1316907.4
2023-11-16,1345649.82
2023-11-17,1504305.08
2023-11-18,1447480.76
2023-11-19,1375804.68
2023-11-20,1076249.35
2023-11-21,1183078.39
2023-11-22,1340007.6400000001
2023-11-23,1216942.06
2023-11-24,1241502.24
2023-11-25,1418049.02
2023-11-26,874795.51
2023-11-27,1529951.44
2023-11-28,900051.6900000001
2023-11-29,1124833.79
2023-11-30,1184933.88
2023-12-01,1298800.7
2023-12-02,1698608.67
2023-12-03,1202440.64
2023-12-04,1467979.44
2023-12-05,1119890.9
2023-12-06,1221860.91
2023-12-07,1491650.77
2023-12-08,1135899.07
2023-12-09,943092.6
2023-12-10,1520279.3
2023-12-11,1184864.04
2023-12-12,1704196.48
2023-12-13,1492862.5
2023-12-14,884952.4299999999
2023-12-15,986658.3099999999
2023-12-16,1075409.36
2023-12-17,1399799.09
2023-12-18,1261607.83
2023-12-19,1117105.98
2023-12-20,1172337.55
2023-12-21,1339316.09
2023-12-22,1237713.32
2023-12-23,1661578.89
2023-12-24,1181512.34
2023-12-25,1504889.9
2023-12-26,1242241.92
2023-12-27,2354864.39
2023-12-28,1025065.78
2023-12-29,1297644.1
2023-12-30,2126999.01
2023-12-31,1612052.67
2024-01-01,1278410.52
2024-01-02,858307.07
2024-01-03,1775652.46
2024-01-04,1231323.31
2024-01-05,1846664.71
2024-01-06,1474921.1
2024-01-07,722798.66
2024-01-08,1095734.01
2024-01-09,1220463.1300000001
2024-01-10,1417073.14
2024-01-11,1078267.8599999999
2024-01-12,978137.76
2024-01-13,994581.32
2024-01-14,1059723.28
2024-01-15,1720900.66
2024-01-16,1604131.08
2024-01-17,1394856.43
2024-01-18,1367654.19
2024-01-19,1256444.72
2024-01-20,1912367.42
2024-01-21,1378730.77
2024-01-22,1626130.99
2024-01-23,2286305.18
2024-01-24,1373375.53
2024-01-25,1881138.56
2024-01-26,1555129.06
2024-01-27,1211791.6
2024-01-28,1418552.44
2024-01-29,1591989.42
2024-01-30,846481.14
2024-01-31,1225363.35
2024-02-01,1236436.7
2024-02-02,1233425.68
2024-02-03,1778806.78
2024-02-04,1265267.2
2024-02-05,1798756.67
2024-02-06,1308796.78
2024-02-07,787980.51
2024-02-08,1011091.36
2024-02-09,1423987.02
2024-02-10,1045344.09
2024-02-11,1058456.36
2024-02-12,1036998.0499999999
2024-02-13,1671745.73
2024-02-14,1947462.83
2024-02-15,1350294.31
2024-02-16,1814447.37
2024-02-17,1507185.53
2024-02-18,1590970.15
2024-02-19,1411997.92
2024-02-20,2028183.61
2024-02-21,1607030.58
2024-02-22,1211981.47
2024-02-23,1855874.71
2024-02-24,1579229.25
2024-02-25,2683500.25
2024-02-26,1713629.87
2024-02-27,1490918.56
2024-02-28,1004892.07
2024-02-29,1764109.07
2024-03-01,1526716.82
2024-03-02,1546754.68
2024-03-03,1440738.24
2024-03-04,1310791.83
2024-03-05,1972724.4
2024-03-06,2464361.46
2024-03-07,1205816.86
2024-03-08,1132493.34
2024-03-09,1773862.93
2024-03-10,1362309.8699999999
2024-03-11,1650711.89
2024-03-12,1299567.19
2024-03-13,1278965.32
2024-03-14,1529018.03
2024-03-15,1236640.02
2024-03-16,1450541.9
2024-03-17,1341357.82
2024-03-18,1427271.31
2024-03-19,1708765.58
2024-03-20,1441928.08
2024-03-21,1781542.22
2024-03-22,1426376.76
2024-03-23,1227792.13
2024-03-24,1345498.44
2024-03-25,1356899.6
2024-03-26,2120673.07
2024-03-27,1686325.31
2024-03-28,2058413.87
2024-03-29,1126039.14
2024-03-30,1737144.22
2024-03-31,1868762.16
2024-04-01,2174383.76
2024-04-02,1517592.52
2024-04-03,1866922.85
2024-04-04,2445860.39
2024-04-05,2110699.51
2024-04-06,1103461.0
2024-04-07,2041829.45
2024-04-08,1794043.68
2024-04-09,1037726.1
2024-04-10,2087570.74
2024-04-11,2063920.88
2024-04-12,1567428.34
2024-04-13,1929421.94
2024-04-14,1686173.54
2024-04-15,2142798.81
2024-04-16,2368968.69
2024-04-17,1688039.35
2024-04-18,1736677.97
2024-04-19,1842043.48
2024-04-20,1887342.1300000001
2024-04-21,1515345.08
2024-04-22,1550531.8
2024-04-23,2080958.79
2024-04-24,1838402.53
2024-04-25,2811137.9899999998
2024-04-26,1434682.46
2024-04-27,1414172.8800000001
2024-04-28,1754868.95
2024-04-29,1864980.97
2024-04-30,1670816.6
2024-05-01,2081073.99
2024-05-02,1686313.83
2024-05-03,2155068.48
2024-05-04,2151157.73
2024-05-05,2260246.74
2024-05-06,1673668.57
2024-05-07,1710771.69
2024-05-08,1066802.91
2024-05-09,1689362.89
2024-05-10,1849505.71
2024-05-11,2083172.45
2024-05-12,1928988.47
2024-05-13,1673427.01
2024-05-14,1718498.3
2024-05-15,1773493.2
2024-05-16,2341454.48
2024-05-17,1566743.04
2024-05-18,1769625.06
2024-05-19,2114969.91
2024-05-20,1791754.41
2024-05-21,1765703.8900000001
2024-05-22,1838723.44
2024-05-23,1947911.44
2024-05-24,1732525.21
2024-05-25,2143941.86
2024-05-26,1817902.96
2024-05-27,1785453.79
2024-05-28,2246456.57
2024-05-29,2286553.83
2024-05-30,1844033.31
2024-05-31,1753722.71
2024-06-01,2125293.45
2024-06-02,1942497.99
2024-06-03,1869153.45
2024-06-04,2474804.23
2024-06-05,1378237.27
2024-06-06,2293600.83
2024-06-07,1705247.75
2024-06-08,2011788.85
2024-06-09,1969498.46
2024-06-10,1693831.47
2024-06-11,1776956.72
2024-06-12,1905967.11
2024-06-13,2058699.53
2024-06-14,2224073.16
2024-06-15,2278567.36
2024-06-16,2109181.89
2024-06-17,2124267.26
2024-06-18,1914558.91
2024-06-19,2399365.89
2024-06-20,2443751.68
2024-06-21,1985527.81
2024-06-22,1867715.6
2024-06-23,1965791.43
2024-06-24,3654534.29
2024-06-25,1666197.33
2024-06-26,2443654.47
2024-06-27,2081629.65
2024-06-28,2014032.72
2024-06-29,1833302.49
2024-06-30,2054449.06
2024-07-01,1709075.78
2024-07-02,2408523.4
2024-07-03,2390872.41
2024-07-04,2587137.61
2024-07-05,1900111.54
2024-07-06,1452562.49
2024-07-07,1606598.24
2024-07-08,2098192.27
2024-07-09,2064558.6400000001
2024-07-10,2291749.05
2024-07-11,2199848.46
2024-07-12,2736671.5
2024-07-13,2588844.97
2024-07-14,1968868.15
2024-07-15,1970196.58
2024-07-16,1581260.55
2024-07-17,2257585.9
2024-07-18,1511251.24
2024-07-19,2768795.88
2024-07-20,1944769.51
2024-07-21,2113174.0
2024-07-22,2550921.04
2024-07-23,2295171.74
2024-07-24,2709747.67
2024-07-25,2369924.02
2024-07-26,1982135.9
2024-07-27,2292190.77
2024-07-28,2568549.1
2024-07-29,2768079.9
2024-07-30,2344771.94
2024-07-31,2526031.03
2024-08-01,2148564.44
2024-08-02,2663678.05
2024-08-03,2961084.99
2024-08-04,1962627.98
2024-08-05,2349044.0
2024-08-06,2078146.6300000001
2024-08-07,2170633.14
2024-08-08,2262819.2399999998
2024-08-09,1804707.86
2024-08-10,2119861.0
2024-08-11,1827238.93
2024-08-12,2632028.79
2024-08-13,3325253.98
2024-08-14,3109994.81
2024-08-15,2335087.61
2024-08-16,2340212.57
2024-08-17,2347563.79
2024-08-18,2946557.43
2024-08-19,1897781.03
2024-08-20,2207436.31
2024-08-21,2952670.6
2024-08-22,2699527.76
2024-08-23,3685695.97
2024-08-24,2753214.69
2024-08-25,2154710.6
2024-08-26,2058914.41
2024-08-27,3232570.76
2024-08-28,2678977.77
2024-08-29,2736122.4699999997
2024-08-30,2569529.81
2024-08-31,2547428.42
2024-09-01,3030910.34
2024-09-02,2761212.4
2024-09-03,2181711.86
2024-09-04,2626127.3
2024-09-05,2951324.34
2024-09-06,1647052.44
2024-09-07,2572719.48
2024-09-08,2541555.84
2024-09-09,2805504.55
2024-09-10,2789370.81
2024-09-11,3049878.35
2024-09-12,2395928.67
2024-09-13,2818873.84
2024-09-14,2762638.1
2024-09-15,2682463.38
2024-09-16,2561166.13
2024-09-17,2962503.57
2024-09-18,2458192.24
2024-09-19,2279594.49
2024-09-20,2047258.43
2024-09-21,2088632.69
2024-09-22,3580431.38
2024-09-23,2353118.81
2024-09-24,3193891.78
2024-09-25,2936926.85
2024-09-26,2833527.77
2024-09-27,2692345.11
2024-09-28,2755643.17
2024-09-29,2454553.42
2024-09-30,2511045.66
2024-10-01,2744373.2
2024-10-02,3925810.15
2024-10-03,2136871.93
2024-10-04,2986975.47
2024-10-05,2705308.25
2024-10-06,2333569.91
2024-10-07,2974142.6
2024-10-08,3215348.67
2024-10-09,2559241.27
2024-10-10,3244365.2
2024-10-11,3243656.62
2024-10-12,2678526.74
2024-10-13,3085542.18
2024-10-14,3152583.65
2024-10-15,3280525.89
2024-10-16,2979925.23
2024-10-17,3164309.98
2024-10-18,3367089.31
2024-10-19,3754753.92
2024-10-20,3145359.4899999998
2024-10-21,2895272.71
2024-10-22,3826220.57
2024-10-23,2672170.67
2024-10-24,3454092.23
2024-10-25,3096895.08
2024-10-26,3074863.8
2024-10-27,3675226.54
2024-10-28,3561628.38
2024-10-29,2816531.09
2024-10-30,4097674.46
2024-10-31,2847024.53
2024-11-01,3505580.42
2024-11-02,3336513.64
2024-11-03,3348402.24
2024-11-04,3785311.42
2024-11-05,2876649.42
2024-11-06,3407693.49
2024-11-07,3528344.62
2024-11-08,2853995.59
2024-11-09,2906382.28
2024-11-10,2555762.55
2024-11-11,3381689.92
2024-11-12,3353545.18
2024-11-13,2633046.27
2024-11-14,3481596.25
2024-11-15,2724820.22
2024-11-16,3551174.44
2024-11-17,3407622.44
2024-11-18,3302264.34
2024-11-19,2919741.37
2024-11-20,2789135.04
2024-11-21,3906602.31
2024-11-22,3514769.36
2024-11-23,3222662.2
2024-11-24,3374529.11
2024-11-25,3728486.32
2024-11-26,3242047.59
2024-11-27,3439948.25
2024-11-28,3269910.75
2024-11-29,2992737.68
2024-11-30,3232115.94
2024-12-01,2892686.13
2024-12-02,2306613.79
2024-12-03,3123070.0
2024-12-04,3224738.86
2024-12-05,2350345.82
2024-12-06,3250280.04
2024-12-07,2596655.4
2024-12-08,2220739.17
2024-12-09,2251566.37
2024-12-10,9014632.21
2024-12-11,9211269.05
2024-12-12,7942505.11
2024-12-13,8460630.51
2024-12-14,8489134.52
2024-12-15,8427746.56
2024-12-16,7688051.94
2024-12-17,8107737.55
2024-12-18,8271326.15
2024-12-19,8539450.23
2024-12-20,7511270.62
2024-12-21,16936691.97
2024-12-22,8086572.29
2024-12-23,7117610.56
2024-12-24,8662310.07
2024-12-25,7092653.6
2024-12-26,7240009.03
2024-12-27,7070417.5
2024-12-28,7407896.73
2024-12-29,5841874.64
2024-12-30,7878106.2
2024-12-31,7172905.07
